signature,file,startline,startcol,endline,endcol,properties
Landroid/app/usage/NetworkStatsManager;->setPollForce(Z)V,packages/modules/Connectivity/framework-t/src/android/app/usage/NetworkStatsManager.java,203,5,203,88,maxTargetSdk=30&trackingBug=170729553L
Landroid/net/ConnectivityManager$PacketKeepalive;->stop()V,packages/modules/Connectivity/framework/src/android/net/ConnectivityManager.java,2302,9,2302,92,maxTargetSdk=30&trackingBug=170729553L
Landroid/net/ConnectivityManager$PacketKeepaliveCallback;-><init>()V,packages/modules/Connectivity/framework/src/android/net/ConnectivityManager.java,2226,9,2226,92,maxTargetSdk=30&trackingBug=170729553L
Landroid/net/ConnectivityManager$PacketKeepaliveCallback;->onStarted()V,packages/modules/Connectivity/framework/src/android/net/ConnectivityManager.java,2230,9,2230,92,maxTargetSdk=30&trackingBug=170729553L
Landroid/net/ConnectivityManager$PacketKeepaliveCallback;->onStopped()V,packages/modules/Connectivity/framework/src/android/net/ConnectivityManager.java,2235,9,2235,92,maxTargetSdk=30&trackingBug=170729553L
Landroid/net/ConnectivityManager$PacketKeepaliveCallback;->onError(I)V,packages/modules/Connectivity/framework/src/android/net/ConnectivityManager.java,2240,9,2240,92,maxTargetSdk=30&trackingBug=170729553L
Landroid/net/ConnectivityManager;->INET_CONDITION_ACTION:Ljava/lang/String;,packages/modules/Connectivity/framework/src/android/net/ConnectivityManager.java,356,5,356,25,
Landroid/net/ConnectivityManager;->ACTION_TETHER_STATE_CHANGED:Ljava/lang/String;,packages/modules/Connectivity/framework/src/android/net/ConnectivityManager.java,371,5,371,88,maxTargetSdk=30&trackingBug=170729553L
Landroid/net/ConnectivityManager;->EXTRA_AVAILABLE_TETHER:Ljava/lang/String;,packages/modules/Connectivity/framework/src/android/net/ConnectivityManager.java,380,5,380,88,maxTargetSdk=30&trackingBug=170729553L
Landroid/net/ConnectivityManager;->EXTRA_ACTIVE_TETHER:Ljava/lang/String;,packages/modules/Connectivity/framework/src/android/net/ConnectivityManager.java,395,5,395,88,maxTargetSdk=30&trackingBug=170729553L
Landroid/net/ConnectivityManager;->EXTRA_ERRORED_TETHER:Ljava/lang/String;,packages/modules/Connectivity/framework/src/android/net/ConnectivityManager.java,404,5,404,88,maxTargetSdk=30&trackingBug=170729553L
Landroid/net/ConnectivityManager;->TYPE_MOBILE_FOTA:I,packages/modules/Connectivity/framework/src/android/net/ConnectivityManager.java,668,5,668,88,maxTargetSdk=28&trackingBug=130143562L
Landroid/net/ConnectivityManager;->TYPE_MOBILE_IMS:I,packages/modules/Connectivity/framework/src/android/net/ConnectivityManager.java,677,5,677,25,
Landroid/net/ConnectivityManager;->TYPE_MOBILE_CBS:I,packages/modules/Connectivity/framework/src/android/net/ConnectivityManager.java,686,5,686,88,maxTargetSdk=28&trackingBug=130143562L
Landroid/net/ConnectivityManager;->TYPE_MOBILE_IA:I,packages/modules/Connectivity/framework/src/android/net/ConnectivityManager.java,705,5,705,25,
Landroid/net/ConnectivityManager;->TYPE_MOBILE_EMERGENCY:I,packages/modules/Connectivity/framework/src/android/net/ConnectivityManager.java,715,5,715,88,maxTargetSdk=28&trackingBug=130143562L
Landroid/net/ConnectivityManager;->mService:Landroid/net/IConnectivityManager;,packages/modules/Connectivity/framework/src/android/net/ConnectivityManager.java,941,5,941,88,maxTargetSdk=28&trackingBug=130143562L
Landroid/net/ConnectivityManager;->getNetworkTypeName(I)Ljava/lang/String;,packages/modules/Connectivity/framework/src/android/net/ConnectivityManager.java,1129,5,1129,88,maxTargetSdk=30&trackingBug=170729553L
Landroid/net/ConnectivityManager;->isNetworkTypeMobile(I)Z,packages/modules/Connectivity/framework/src/android/net/ConnectivityManager.java,1198,5,1198,88,maxTargetSdk=28&trackingBug=130143562L
Landroid/net/ConnectivityManager;->getActiveNetworkInfoForUid(I)Landroid/net/NetworkInfo;,packages/modules/Connectivity/framework/src/android/net/ConnectivityManager.java,1570,5,1570,88,maxTargetSdk=30&trackingBug=170729553L
Landroid/net/ConnectivityManager;->getNetworkForType(I)Landroid/net/Network;,packages/modules/Connectivity/framework/src/android/net/ConnectivityManager.java,1689,5,1689,25,
Landroid/net/ConnectivityManager;->getDefaultNetworkCapabilitiesForUser(I)[Landroid/net/NetworkCapabilities;,packages/modules/Connectivity/framework/src/android/net/ConnectivityManager.java,1726,5,1726,25,
Landroid/net/ConnectivityManager;->getActiveLinkProperties()Landroid/net/LinkProperties;,packages/modules/Connectivity/framework/src/android/net/ConnectivityManager.java,1750,5,1750,88,maxTargetSdk=28&trackingBug=109783091L
Landroid/net/ConnectivityManager;->getLinkProperties(I)Landroid/net/LinkProperties;,packages/modules/Connectivity/framework/src/android/net/ConnectivityManager.java,1775,5,1775,88,maxTargetSdk=28&trackingBug=130143562L
Landroid/net/ConnectivityManager;->networkCapabilitiesForFeature(ILjava/lang/String;)Landroid/net/NetworkCapabilities;,packages/modules/Connectivity/framework/src/android/net/ConnectivityManager.java,2012,5,2012,88,maxTargetSdk=30&trackingBug=170729553L
Landroid/net/ConnectivityManager;->sLegacyRequests:Ljava/util/HashMap;,packages/modules/Connectivity/framework/src/android/net/ConnectivityManager.java,2098,5,2098,88,maxTargetSdk=30&trackingBug=170729553L
Landroid/net/ConnectivityManager;->requestNetworkForFeatureLocked(Landroid/net/NetworkCapabilities;)Landroid/net/NetworkRequest;,packages/modules/Connectivity/framework/src/android/net/ConnectivityManager.java,2127,5,2127,88,maxTargetSdk=30&trackingBug=170729553L
Landroid/net/ConnectivityManager;->removeRequestForFeature(Landroid/net/NetworkCapabilities;)Z,packages/modules/Connectivity/framework/src/android/net/ConnectivityManager.java,2157,5,2157,88,maxTargetSdk=30&trackingBug=170729553L
Landroid/net/ConnectivityManager;->startNattKeepalive(Landroid/net/Network;ILandroid/net/ConnectivityManager$PacketKeepaliveCallback;Ljava/net/InetAddress;ILjava/net/InetAddress;)Landroid/net/ConnectivityManager$PacketKeepalive;,packages/modules/Connectivity/framework/src/android/net/ConnectivityManager.java,2403,5,2403,88,maxTargetSdk=30&trackingBug=170729553L
Landroid/net/ConnectivityManager;->requestRouteToHostAddress(ILjava/net/InetAddress;)Z,packages/modules/Connectivity/framework/src/android/net/ConnectivityManager.java,2583,5,2583,25,
Landroid/net/ConnectivityManager;->setBackgroundDataSetting(Z)V,packages/modules/Connectivity/framework/src/android/net/ConnectivityManager.java,2637,5,2637,25,
Landroid/net/ConnectivityManager;->getMobileDataEnabled()Z,packages/modules/Connectivity/framework/src/android/net/ConnectivityManager.java,2647,5,2647,25,
Landroid/net/ConnectivityManager;->from(Landroid/content/Context;)Landroid/net/ConnectivityManager;,packages/modules/Connectivity/framework/src/android/net/ConnectivityManager.java,2774,5,2774,25,
Landroid/net/ConnectivityManager;->getInstance()Landroid/net/ConnectivityManager;,packages/modules/Connectivity/framework/src/android/net/ConnectivityManager.java,2819,5,2819,25,
Landroid/net/ConnectivityManager;->getTetherableIfaces()[Ljava/lang/String;,packages/modules/Connectivity/framework/src/android/net/ConnectivityManager.java,2837,5,2837,25,
Landroid/net/ConnectivityManager;->getTetheredIfaces()[Ljava/lang/String;,packages/modules/Connectivity/framework/src/android/net/ConnectivityManager.java,2852,5,2852,25,
Landroid/net/ConnectivityManager;->getTetheringErroredIfaces()[Ljava/lang/String;,packages/modules/Connectivity/framework/src/android/net/ConnectivityManager.java,2873,5,2873,25,
Landroid/net/ConnectivityManager;->tether(Ljava/lang/String;)I,packages/modules/Connectivity/framework/src/android/net/ConnectivityManager.java,2917,5,2917,88,maxTargetSdk=30&trackingBug=170729553L
Landroid/net/ConnectivityManager;->untether(Ljava/lang/String;)I,packages/modules/Connectivity/framework/src/android/net/ConnectivityManager.java,2941,5,2941,25,
Landroid/net/ConnectivityManager;->getTetherableUsbRegexs()[Ljava/lang/String;,packages/modules/Connectivity/framework/src/android/net/ConnectivityManager.java,3179,5,3179,25,
Landroid/net/ConnectivityManager;->getTetherableWifiRegexs()[Ljava/lang/String;,packages/modules/Connectivity/framework/src/android/net/ConnectivityManager.java,3197,5,3197,25,
Landroid/net/ConnectivityManager;->getTetherableBluetoothRegexs()[Ljava/lang/String;,packages/modules/Connectivity/framework/src/android/net/ConnectivityManager.java,3216,5,3216,25,
Landroid/net/ConnectivityManager;->setUsbTethering(Z)I,packages/modules/Connectivity/framework/src/android/net/ConnectivityManager.java,3240,5,3240,25,
Landroid/net/ConnectivityManager;->getLastTetherError(Ljava/lang/String;)I,packages/modules/Connectivity/framework/src/android/net/ConnectivityManager.java,3356,5,3356,88,maxTargetSdk=30&trackingBug=170729553L
Landroid/net/ConnectivityManager;->isNetworkSupported(I)Z,packages/modules/Connectivity/framework/src/android/net/ConnectivityManager.java,3605,5,3605,88,maxTargetSdk=28&trackingBug=130143562L
Landroid/net/ConnectivityManager;->setProcessDefaultNetworkForHostResolution(Landroid/net/Network;)Z,packages/modules/Connectivity/framework/src/android/net/ConnectivityManager.java,5403,5,5403,88,maxTargetSdk=30&trackingBug=170729553L
Landroid/net/EthernetManager$Listener;->onAvailabilityChanged(Ljava/lang/String;Z)V,packages/modules/Connectivity/framework-t/src/android/net/EthernetManager.java,165,9,165,92,maxTargetSdk=30&trackingBug=170729553L
Landroid/net/EthernetManager;->getConfiguration(Ljava/lang/String;)Landroid/net/IpConfiguration;,packages/modules/Connectivity/framework-t/src/android/net/EthernetManager.java,192,5,192,88,maxTargetSdk=30&trackingBug=170729553L
Landroid/net/EthernetManager;->setConfiguration(Ljava/lang/String;Landroid/net/IpConfiguration;)V,packages/modules/Connectivity/framework-t/src/android/net/EthernetManager.java,205,5,205,88,maxTargetSdk=30&trackingBug=170729553L
Landroid/net/EthernetManager;->isAvailable()Z,packages/modules/Connectivity/framework-t/src/android/net/EthernetManager.java,218,5,218,88,maxTargetSdk=30&trackingBug=170729553L
Landroid/net/EthernetManager;->isAvailable(Ljava/lang/String;)Z,packages/modules/Connectivity/framework-t/src/android/net/EthernetManager.java,229,5,229,88,maxTargetSdk=30&trackingBug=170729553L
Landroid/net/EthernetManager;->addListener(Landroid/net/EthernetManager$Listener;)V,packages/modules/Connectivity/framework-t/src/android/net/EthernetManager.java,246,5,246,88,maxTargetSdk=30&trackingBug=170729553L
Landroid/net/EthernetManager;->addListener(Landroid/net/EthernetManager$Listener;Ljava/util/concurrent/Executor;)V,packages/modules/Connectivity/framework-t/src/android/net/EthernetManager.java,260,5,260,88,maxTargetSdk=30&trackingBug=170729553L
Landroid/net/EthernetManager;->getAvailableInterfaces()[Ljava/lang/String;,packages/modules/Connectivity/framework-t/src/android/net/EthernetManager.java,319,5,319,88,maxTargetSdk=30&trackingBug=170729553L
Landroid/net/EthernetManager;->removeListener(Landroid/net/EthernetManager$Listener;)V,packages/modules/Connectivity/framework-t/src/android/net/EthernetManager.java,359,5,359,88,maxTargetSdk=30&trackingBug=170729553L
Landroid/net/IConnectivityManager;->getActiveNetworkInfo()Landroid/net/NetworkInfo;,packages/modules/Connectivity/framework/src/android/net/IConnectivityManager.aidl,60,1,60,25,
Landroid/net/IConnectivityManager;->getNetworkInfo(I)Landroid/net/NetworkInfo;,packages/modules/Connectivity/framework/src/android/net/IConnectivityManager.aidl,63,1,63,44,maxTargetSdk=28
Landroid/net/IConnectivityManager;->getAllNetworkInfo()[Landroid/net/NetworkInfo;,packages/modules/Connectivity/framework/src/android/net/IConnectivityManager.aidl,66,1,66,25,
Landroid/net/IConnectivityManager;->getActiveLinkProperties()Landroid/net/LinkProperties;,packages/modules/Connectivity/framework/src/android/net/IConnectivityManager.aidl,75,1,75,25,
Landroid/net/IConnectivityManager;->getAllNetworkState()[Landroid/net/NetworkState;,packages/modules/Connectivity/framework/src/android/net/IConnectivityManager.aidl,88,1,88,69,maxTargetSdk=30&trackingBug=170729553L
Landroid/net/IConnectivityManager;->getLastTetherError(Ljava/lang/String;)I,packages/modules/Connectivity/framework/src/android/net/IConnectivityManager.aidl,98,1,99,99,maxTargetSdk=29&publicAlternatives=%22Use+%7B%40code+TetheringManager%23getLastTetherError%7D+as+alternative%22
Landroid/net/IConnectivityManager;->getTetherableIfaces()[Ljava/lang/String;,packages/modules/Connectivity/framework/src/android/net/IConnectivityManager.aidl,102,1,103,100,maxTargetSdk=29&publicAlternatives=%22Use+%7B%40code+TetheringManager%23getTetherableIfaces%7D+as+alternative%22
Landroid/net/IConnectivityManager;->getTetheredIfaces()[Ljava/lang/String;,packages/modules/Connectivity/framework/src/android/net/IConnectivityManager.aidl,106,1,107,98,maxTargetSdk=29&publicAlternatives=%22Use+%7B%40code+TetheringManager%23getTetheredIfaces%7D+as+alternative%22
Landroid/net/IConnectivityManager;->getTetheringErroredIfaces()[Ljava/lang/String;,packages/modules/Connectivity/framework/src/android/net/IConnectivityManager.aidl,110,1,112,32,maxTargetSdk=29&publicAlternatives=%22Use+%7B%40code+TetheringManager%23getTetheringErroredIfaces%7D+as+Alternative%22
Landroid/net/IConnectivityManager;->getTetherableUsbRegexs()[Ljava/lang/String;,packages/modules/Connectivity/framework/src/android/net/IConnectivityManager.aidl,115,1,116,103,maxTargetSdk=29&publicAlternatives=%22Use+%7B%40code+TetheringManager%23getTetherableUsbRegexs%7D+as+alternative%22
Landroid/net/IConnectivityManager;->getTetherableWifiRegexs()[Ljava/lang/String;,packages/modules/Connectivity/framework/src/android/net/IConnectivityManager.aidl,119,1,120,104,maxTargetSdk=29&publicAlternatives=%22Use+%7B%40code+TetheringManager%23getTetherableWifiRegexs%7D+as+alternative%22
Landroid/net/IConnectivityManager;->reportInetCondition(II)V,packages/modules/Connectivity/framework/src/android/net/IConnectivityManager.aidl,123,1,123,44,maxTargetSdk=28
Landroid/net/INetworkStatsService;->openSession()Landroid/net/INetworkStatsSession;,packages/modules/Connectivity/framework-t/src/android/net/INetworkStatsService.aidl,37,1,37,25,
Landroid/net/INetworkStatsService;->openSessionForUsageStats(ILjava/lang/String;)Landroid/net/INetworkStatsSession;,packages/modules/Connectivity/framework-t/src/android/net/INetworkStatsService.aidl,46,1,46,69,maxTargetSdk=30&trackingBug=170729553L
Landroid/net/INetworkStatsService;->getDataLayerSnapshotForUid(I)Landroid/net/NetworkStats;,packages/modules/Connectivity/framework-t/src/android/net/INetworkStatsService.aidl,50,1,50,25,
Landroid/net/INetworkStatsService;->getMobileIfaces()[Ljava/lang/String;,packages/modules/Connectivity/framework-t/src/android/net/INetworkStatsService.aidl,57,1,57,25,
Landroid/net/INetworkStatsService;->forceUpdate()V,packages/modules/Connectivity/framework-t/src/android/net/INetworkStatsService.aidl,70,1,70,25,
Landroid/net/INetworkStatsSession;->getSummaryForNetwork(Landroid/net/NetworkTemplate;JJ)Landroid/net/NetworkStats;,packages/modules/Connectivity/framework-t/src/android/net/INetworkStatsSession.aidl,30,1,30,25,
Landroid/net/INetworkStatsSession;->getHistoryForNetwork(Landroid/net/NetworkTemplate;I)Landroid/net/NetworkStatsHistory;,packages/modules/Connectivity/framework-t/src/android/net/INetworkStatsSession.aidl,33,1,33,25,
Landroid/net/INetworkStatsSession;->getSummaryForAllUid(Landroid/net/NetworkTemplate;JJZ)Landroid/net/NetworkStats;,packages/modules/Connectivity/framework-t/src/android/net/INetworkStatsSession.aidl,52,1,52,25,
Landroid/net/INetworkStatsSession;->getHistoryForUid(Landroid/net/NetworkTemplate;IIII)Landroid/net/NetworkStatsHistory;,packages/modules/Connectivity/framework-t/src/android/net/INetworkStatsSession.aidl,59,1,59,25,
Landroid/net/INetworkStatsSession;->close()V,packages/modules/Connectivity/framework-t/src/android/net/INetworkStatsSession.aidl,67,1,67,25,
Landroid/net/IpConfiguration;->httpProxy:Landroid/net/ProxyInfo;,packages/modules/Connectivity/framework/src/android/net/IpConfiguration.java,84,5,84,25,
Landroid/net/IpConfiguration;-><init>(Landroid/net/IpConfiguration$IpAssignment;Landroid/net/IpConfiguration$ProxySettings;Landroid/net/StaticIpConfiguration;Landroid/net/ProxyInfo;)V,packages/modules/Connectivity/framework/src/android/net/IpConfiguration.java,106,5,106,88,maxTargetSdk=30&trackingBug=170729553L
Landroid/net/LinkAddress;->address:Ljava/net/InetAddress;,packages/modules/Connectivity/framework/src/android/net/LinkAddress.java,81,5,81,88,maxTargetSdk=28&trackingBug=115609023L
Landroid/net/LinkAddress;->prefixLength:I,packages/modules/Connectivity/framework/src/android/net/LinkAddress.java,87,5,87,88,maxTargetSdk=28&trackingBug=115609023L
Landroid/net/LinkAddress;->isIPv6()Z,packages/modules/Connectivity/framework/src/android/net/LinkAddress.java,172,5,172,63,maxTargetSdk=28
Landroid/net/LinkAddress;->getNetworkPrefixLength()I,packages/modules/Connectivity/framework/src/android/net/LinkAddress.java,412,5,412,25,
Landroid/net/LinkProperties;->mIfaceName:Ljava/lang/String;,packages/modules/Connectivity/framework/src/android/net/LinkProperties.java,61,5,61,88,maxTargetSdk=28&trackingBug=115609023L
Landroid/net/LinkProperties;->compareProvisioning(Landroid/net/LinkProperties;Landroid/net/LinkProperties;)Landroid/net/LinkProperties$ProvisioningChange;,packages/modules/Connectivity/framework/src/android/net/LinkProperties.java,121,5,121,88,maxTargetSdk=30&trackingBug=170729553L
Landroid/net/LinkProperties;->getAllAddresses()Ljava/util/List;,packages/modules/Connectivity/framework/src/android/net/LinkProperties.java,270,5,270,25,
Landroid/net/LinkProperties;->addStackedLink(Landroid/net/LinkProperties;)Z,packages/modules/Connectivity/framework/src/android/net/LinkProperties.java,853,5,853,25,
Landroid/net/LinkProperties;->getStackedLinks()Ljava/util/List;,packages/modules/Connectivity/framework/src/android/net/LinkProperties.java,881,5,881,88,maxTargetSdk=30&trackingBug=170729553L
Landroid/net/LinkProperties;->hasIPv4Address()Z,packages/modules/Connectivity/framework/src/android/net/LinkProperties.java,1053,5,1053,63,maxTargetSdk=28
Landroid/net/LinkProperties;->hasGlobalIPv6Address()Z,packages/modules/Connectivity/framework/src/android/net/LinkProperties.java,1108,5,1108,63,maxTargetSdk=28
Landroid/net/LinkProperties;->hasIPv4DefaultRoute()Z,packages/modules/Connectivity/framework/src/android/net/LinkProperties.java,1151,5,1151,63,maxTargetSdk=28
Landroid/net/LinkProperties;->hasIPv6DefaultRoute()Z,packages/modules/Connectivity/framework/src/android/net/LinkProperties.java,1179,5,1179,63,maxTargetSdk=28
Landroid/net/LinkProperties;->hasIPv4DnsServer()Z,packages/modules/Connectivity/framework/src/android/net/LinkProperties.java,1207,5,1207,63,maxTargetSdk=28
Landroid/net/LinkProperties;->hasIPv6DnsServer()Z,packages/modules/Connectivity/framework/src/android/net/LinkProperties.java,1235,5,1235,63,maxTargetSdk=28
Landroid/net/LinkProperties;->isIPv6Provisioned()Z,packages/modules/Connectivity/framework/src/android/net/LinkProperties.java,1305,5,1305,63,maxTargetSdk=28
Landroid/net/LinkProperties;->isIdenticalInterfaceName(Landroid/net/LinkProperties;)Z,packages/modules/Connectivity/framework/src/android/net/LinkProperties.java,1383,5,1383,25,
Landroid/net/LinkProperties;->isIdenticalAddresses(Landroid/net/LinkProperties;)Z,packages/modules/Connectivity/framework/src/android/net/LinkProperties.java,1406,5,1406,25,
Landroid/net/LinkProperties;->isIdenticalDnses(Landroid/net/LinkProperties;)Z,packages/modules/Connectivity/framework/src/android/net/LinkProperties.java,1418,5,1418,25,
Landroid/net/LinkProperties;->isIdenticalRoutes(Landroid/net/LinkProperties;)Z,packages/modules/Connectivity/framework/src/android/net/LinkProperties.java,1471,5,1471,25,
Landroid/net/LinkProperties;->isIdenticalHttpProxy(Landroid/net/LinkProperties;)Z,packages/modules/Connectivity/framework/src/android/net/LinkProperties.java,1483,5,1483,88,maxTargetSdk=28&trackingBug=115609023L
Landroid/net/LinkProperties;->isIdenticalStackedLinks(Landroid/net/LinkProperties;)Z,packages/modules/Connectivity/framework/src/android/net/LinkProperties.java,1495,5,1495,88,maxTargetSdk=30&trackingBug=170729553L
Landroid/net/MacAddress;->ALL_ZEROS_ADDRESS:Landroid/net/MacAddress;,packages/modules/Connectivity/framework/src/android/net/MacAddress.java,62,5,62,88,maxTargetSdk=30&trackingBug=170729553L
Landroid/net/Network;->netId:I,packages/modules/Connectivity/framework/src/android/net/Network.java,69,5,69,25,
Landroid/net/Network;-><init>(I)V,packages/modules/Connectivity/framework/src/android/net/Network.java,115,5,115,88,maxTargetSdk=30&trackingBug=170729553L
Landroid/net/NetworkAgent;->sendNetworkInfo(Landroid/net/NetworkInfo;)V,packages/modules/Connectivity/framework/src/android/net/NetworkAgent.java,1078,5,1078,88,maxTargetSdk=28&trackingBug=115609023L
Landroid/net/NetworkCapabilities;->mNetworkCapabilities:J,packages/modules/Connectivity/framework/src/android/net/NetworkCapabilities.java,385,5,385,88,maxTargetSdk=30&trackingBug=170729553L
Landroid/net/NetworkCapabilities;->mSignalStrength:I,packages/modules/Connectivity/framework/src/android/net/NetworkCapabilities.java,1731,5,1731,63,maxTargetSdk=28
Landroid/net/NetworkCapabilities;->hasSignalStrength()Z,packages/modules/Connectivity/framework/src/android/net/NetworkCapabilities.java,1757,5,1757,88,maxTargetSdk=30&trackingBug=170729553L
Landroid/net/NetworkCapabilities;->transportNamesOf([I)Ljava/lang/String;,packages/modules/Connectivity/framework/src/android/net/NetworkCapabilities.java,2482,5,2482,88,maxTargetSdk=30&trackingBug=170729553L
Landroid/net/NetworkInfo;-><init>(Landroid/net/NetworkInfo;)V,packages/modules/Connectivity/framework/src/android/net/NetworkInfo.java,182,5,182,25,
Landroid/net/NetworkInfo;->setSubtype(ILjava/lang/String;)V,packages/modules/Connectivity/framework/src/android/net/NetworkInfo.java,253,5,253,25,
Landroid/net/NetworkInfo;->setIsAvailable(Z)V,packages/modules/Connectivity/framework/src/android/net/NetworkInfo.java,372,5,372,25,
Landroid/net/NetworkInfo;->setFailover(Z)V,packages/modules/Connectivity/framework/src/android/net/NetworkInfo.java,403,5,403,25,
Landroid/net/NetworkInfo;->setRoaming(Z)V,packages/modules/Connectivity/framework/src/android/net/NetworkInfo.java,434,5,434,25,
Landroid/net/NetworkRequest;->networkCapabilities:Landroid/net/NetworkCapabilities;,packages/modules/Connectivity/framework/src/android/net/NetworkRequest.java,161,5,161,88,maxTargetSdk=30&trackingBug=170729553L
Landroid/net/NetworkRequest;->requestId:I,packages/modules/Connectivity/framework/src/android/net/NetworkRequest.java,170,5,170,88,maxTargetSdk=30&trackingBug=170729553L
Landroid/net/NetworkRequest;->legacyType:I,packages/modules/Connectivity/framework/src/android/net/NetworkRequest.java,178,5,178,88,maxTargetSdk=28&trackingBug=115609023L
Landroid/net/NetworkState;->network:Landroid/net/Network;,packages/modules/Connectivity/framework/src/android/net/NetworkState.java,41,5,41,88,maxTargetSdk=28&trackingBug=115609023L
Landroid/net/NetworkState;-><init>(Landroid/os/Parcel;)V,packages/modules/Connectivity/framework/src/android/net/NetworkState.java,92,5,92,25,
Landroid/net/NetworkState;->CREATOR:Landroid/os/Parcelable$Creator;,packages/modules/Connectivity/framework/src/android/net/NetworkState.java,117,5,117,25,
Landroid/net/NetworkStats$Entry;->iface:Ljava/lang/String;,packages/modules/Connectivity/framework-t/src/android/net/NetworkStats.java,254,9,254,92,maxTargetSdk=30&trackingBug=170729553L
Landroid/net/NetworkStats$Entry;->uid:I,packages/modules/Connectivity/framework-t/src/android/net/NetworkStats.java,257,9,257,29,
Landroid/net/NetworkStats$Entry;->set:I,packages/modules/Connectivity/framework-t/src/android/net/NetworkStats.java,260,9,260,29,
Landroid/net/NetworkStats$Entry;->tag:I,packages/modules/Connectivity/framework-t/src/android/net/NetworkStats.java,263,9,263,92,maxTargetSdk=30&trackingBug=170729553L
Landroid/net/NetworkStats$Entry;->rxBytes:J,packages/modules/Connectivity/framework-t/src/android/net/NetworkStats.java,287,9,287,29,
Landroid/net/NetworkStats$Entry;->rxPackets:J,packages/modules/Connectivity/framework-t/src/android/net/NetworkStats.java,290,9,290,92,maxTargetSdk=30&trackingBug=170729553L
Landroid/net/NetworkStats$Entry;->txBytes:J,packages/modules/Connectivity/framework-t/src/android/net/NetworkStats.java,293,9,293,29,
Landroid/net/NetworkStats$Entry;->txPackets:J,packages/modules/Connectivity/framework-t/src/android/net/NetworkStats.java,296,9,296,92,maxTargetSdk=30&trackingBug=170729553L
Landroid/net/NetworkStats$Entry;->operations:J,packages/modules/Connectivity/framework-t/src/android/net/NetworkStats.java,299,9,299,92,maxTargetSdk=30&trackingBug=170729553L
Landroid/net/NetworkStats$Entry;-><init>()V,packages/modules/Connectivity/framework-t/src/android/net/NetworkStats.java,303,9,303,92,maxTargetSdk=30&trackingBug=170729553L
Landroid/net/NetworkStats;->size:I,packages/modules/Connectivity/framework-t/src/android/net/NetworkStats.java,215,5,215,88,maxTargetSdk=30&trackingBug=170729553L
Landroid/net/NetworkStats;->capacity:I,packages/modules/Connectivity/framework-t/src/android/net/NetworkStats.java,217,5,217,88,maxTargetSdk=30&trackingBug=170729553L
Landroid/net/NetworkStats;->iface:[Ljava/lang/String;,packages/modules/Connectivity/framework-t/src/android/net/NetworkStats.java,219,5,219,88,maxTargetSdk=30&trackingBug=170729553L
Landroid/net/NetworkStats;->uid:[I,packages/modules/Connectivity/framework-t/src/android/net/NetworkStats.java,221,5,221,25,
Landroid/net/NetworkStats;->set:[I,packages/modules/Connectivity/framework-t/src/android/net/NetworkStats.java,223,5,223,25,
Landroid/net/NetworkStats;->tag:[I,packages/modules/Connectivity/framework-t/src/android/net/NetworkStats.java,225,5,225,25,
Landroid/net/NetworkStats;->metered:[I,packages/modules/Connectivity/framework-t/src/android/net/NetworkStats.java,227,5,227,88,maxTargetSdk=30&trackingBug=170729553L
Landroid/net/NetworkStats;->roaming:[I,packages/modules/Connectivity/framework-t/src/android/net/NetworkStats.java,229,5,229,88,maxTargetSdk=30&trackingBug=170729553L
Landroid/net/NetworkStats;->defaultNetwork:[I,packages/modules/Connectivity/framework-t/src/android/net/NetworkStats.java,231,5,231,88,maxTargetSdk=30&trackingBug=170729553L
Landroid/net/NetworkStats;->rxBytes:[J,packages/modules/Connectivity/framework-t/src/android/net/NetworkStats.java,233,5,233,25,
Landroid/net/NetworkStats;->rxPackets:[J,packages/modules/Connectivity/framework-t/src/android/net/NetworkStats.java,235,5,235,88,maxTargetSdk=30&trackingBug=170729553L
Landroid/net/NetworkStats;->txBytes:[J,packages/modules/Connectivity/framework-t/src/android/net/NetworkStats.java,237,5,237,25,
Landroid/net/NetworkStats;->txPackets:[J,packages/modules/Connectivity/framework-t/src/android/net/NetworkStats.java,239,5,239,88,maxTargetSdk=30&trackingBug=170729553L
Landroid/net/NetworkStats;->operations:[J,packages/modules/Connectivity/framework-t/src/android/net/NetworkStats.java,241,5,241,88,maxTargetSdk=30&trackingBug=170729553L
Landroid/net/NetworkStats;-><init>(Landroid/os/Parcel;)V,packages/modules/Connectivity/framework-t/src/android/net/NetworkStats.java,521,5,521,88,maxTargetSdk=30&trackingBug=170729553L
Landroid/net/NetworkStats;->getValues(ILandroid/net/NetworkStats$Entry;)Landroid/net/NetworkStats$Entry;,packages/modules/Connectivity/framework-t/src/android/net/NetworkStats.java,698,5,698,25,
Landroid/net/NetworkStats;->size()I,packages/modules/Connectivity/framework-t/src/android/net/NetworkStats.java,756,5,756,25,
Landroid/net/NetworkStats;->getUniqueUids()[I,packages/modules/Connectivity/framework-t/src/android/net/NetworkStats.java,927,5,927,25,
Landroid/net/NetworkStats;->getTotalBytes()J,packages/modules/Connectivity/framework-t/src/android/net/NetworkStats.java,947,5,947,25,
Landroid/net/NetworkStats;->getTotal(Landroid/net/NetworkStats$Entry;)Landroid/net/NetworkStats$Entry;,packages/modules/Connectivity/framework-t/src/android/net/NetworkStats.java,957,5,957,25,
Landroid/net/NetworkStats;->getTotal(Landroid/net/NetworkStats$Entry;I)Landroid/net/NetworkStats$Entry;,packages/modules/Connectivity/framework-t/src/android/net/NetworkStats.java,967,5,967,25,
Landroid/net/NetworkStats;->getTotalIncludingTags(Landroid/net/NetworkStats$Entry;)Landroid/net/NetworkStats$Entry;,packages/modules/Connectivity/framework-t/src/android/net/NetworkStats.java,982,5,982,25,
Landroid/net/NetworkStatsHistory$Entry;->bucketDuration:J,packages/modules/Connectivity/framework-t/src/android/net/NetworkStatsHistory.java,134,9,134,92,maxTargetSdk=30&trackingBug=170729553L
Landroid/net/NetworkStatsHistory$Entry;->bucketStart:J,packages/modules/Connectivity/framework-t/src/android/net/NetworkStatsHistory.java,137,9,137,92,maxTargetSdk=30&trackingBug=170729553L
Landroid/net/NetworkStatsHistory$Entry;->rxBytes:J,packages/modules/Connectivity/framework-t/src/android/net/NetworkStatsHistory.java,142,9,142,29,
Landroid/net/NetworkStatsHistory$Entry;->rxPackets:J,packages/modules/Connectivity/framework-t/src/android/net/NetworkStatsHistory.java,145,9,145,92,maxTargetSdk=30&trackingBug=170729553L
Landroid/net/NetworkStatsHistory$Entry;->txBytes:J,packages/modules/Connectivity/framework-t/src/android/net/NetworkStatsHistory.java,148,9,148,29,
Landroid/net/NetworkStatsHistory$Entry;->txPackets:J,packages/modules/Connectivity/framework-t/src/android/net/NetworkStatsHistory.java,151,9,151,92,maxTargetSdk=30&trackingBug=170729553L
Landroid/net/NetworkStatsHistory;-><init>(J)V,packages/modules/Connectivity/framework-t/src/android/net/NetworkStatsHistory.java,285,5,285,25,
Landroid/net/NetworkStatsHistory;-><init>(Landroid/os/Parcel;)V,packages/modules/Connectivity/framework-t/src/android/net/NetworkStatsHistory.java,316,5,316,88,maxTargetSdk=30&trackingBug=170729553L
Landroid/net/NetworkStatsHistory;->size()I,packages/modules/Connectivity/framework-t/src/android/net/NetworkStatsHistory.java,405,5,405,88,maxTargetSdk=30&trackingBug=170729553L
Landroid/net/NetworkStatsHistory;->getStart()J,packages/modules/Connectivity/framework-t/src/android/net/NetworkStatsHistory.java,416,5,416,25,
Landroid/net/NetworkStatsHistory;->getEnd()J,packages/modules/Connectivity/framework-t/src/android/net/NetworkStatsHistory.java,426,5,426,25,
Landroid/net/NetworkStatsHistory;->getIndexBefore(J)I,packages/modules/Connectivity/framework-t/src/android/net/NetworkStatsHistory.java,448,5,448,88,maxTargetSdk=30&trackingBug=170729553L
Landroid/net/NetworkStatsHistory;->getValues(ILandroid/net/NetworkStatsHistory$Entry;)Landroid/net/NetworkStatsHistory$Entry;,packages/modules/Connectivity/framework-t/src/android/net/NetworkStatsHistory.java,478,5,478,88,maxTargetSdk=30&trackingBug=170729553L
Landroid/net/NetworkStatsHistory;->recordEntireHistory(Landroid/net/NetworkStatsHistory;)V,packages/modules/Connectivity/framework-t/src/android/net/NetworkStatsHistory.java,605,5,605,25,
Landroid/net/NetworkStatsHistory;->getValues(JJLandroid/net/NetworkStatsHistory$Entry;)Landroid/net/NetworkStatsHistory$Entry;,packages/modules/Connectivity/framework-t/src/android/net/NetworkStatsHistory.java,758,5,758,25,
Landroid/net/NetworkStatsHistory;->getValues(JJJLandroid/net/NetworkStatsHistory$Entry;)Landroid/net/NetworkStatsHistory$Entry;,packages/modules/Connectivity/framework-t/src/android/net/NetworkStatsHistory.java,773,5,773,25,
Landroid/net/NetworkStatsHistory;->CREATOR:Landroid/os/Parcelable$Creator;,packages/modules/Connectivity/framework-t/src/android/net/NetworkStatsHistory.java,1001,5,1001,25,
Landroid/net/NetworkTemplate;->buildTemplateMobileAll(Ljava/lang/String;)Landroid/net/NetworkTemplate;,packages/modules/Connectivity/framework-t/src/android/net/NetworkTemplate.java,212,5,213,65,maxTargetSdk=33&publicAlternatives=%22Use+%7B%40code+Builder%7D+instead.%22
Landroid/net/NetworkTemplate;->buildTemplateMobileWildcard()Landroid/net/NetworkTemplate;,packages/modules/Connectivity/framework-t/src/android/net/NetworkTemplate.java,227,5,227,88,maxTargetSdk=30&trackingBug=170729553L
Landroid/net/NetworkTemplate;->buildTemplateWifiWildcard()Landroid/net/NetworkTemplate;,packages/modules/Connectivity/framework-t/src/android/net/NetworkTemplate.java,240,5,241,65,maxTargetSdk=33&publicAlternatives=%22Use+%7B%40code+Builder%7D+instead.%22
Landroid/net/NetworkTemplate;->buildTemplateWifi()Landroid/net/NetworkTemplate;,packages/modules/Connectivity/framework-t/src/android/net/NetworkTemplate.java,251,5,252,65,maxTargetSdk=33&publicAlternatives=%22Use+%7B%40code+Builder%7D+instead.%22
Landroid/net/NetworkTemplate;->buildTemplateEthernet()Landroid/net/NetworkTemplate;,packages/modules/Connectivity/framework-t/src/android/net/NetworkTemplate.java,265,5,266,65,maxTargetSdk=33&publicAlternatives=%22Use+%7B%40code+Builder%7D+instead.%22
Landroid/net/NetworkTemplate;-><init>(ILjava/lang/String;Ljava/lang/String;)V,packages/modules/Connectivity/framework-t/src/android/net/NetworkTemplate.java,446,5,447,65,maxTargetSdk=33&publicAlternatives=%22Use+%7B%40code+Builder%7D+instead.%22
Landroid/net/NetworkTemplate;->getSubscriberId()Ljava/lang/String;,packages/modules/Connectivity/framework-t/src/android/net/NetworkTemplate.java,649,5,650,88,maxTargetSdk=33&publicAlternatives=%22Caller+should+use+%7B%40code+getSubscriberIds%7D+instead.%22
Landroid/net/NetworkTemplate;->normalize(Landroid/net/NetworkTemplate;[Ljava/lang/String;)Landroid/net/NetworkTemplate;,packages/modules/Connectivity/framework-t/src/android/net/NetworkTemplate.java,940,5,943,74,maxTargetSdk=33&publicAlternatives=%22There+is+no+alternative+for+%7B%40code+NetworkTemplate.normalize%7D.Callers+should+have+their+own+logic+to+merge+template+for+different+IMSIs+and+stop+calling+this+function.%22
Landroid/net/NetworkTemplate;->CREATOR:Landroid/os/Parcelable$Creator;,packages/modules/Connectivity/framework-t/src/android/net/NetworkTemplate.java,1012,5,1012,25,
Landroid/net/NetworkUtils;->intToInetAddress(I)Ljava/net/InetAddress;,packages/modules/Connectivity/framework/src/android/net/NetworkUtils.java,183,5,183,25,
Landroid/net/NetworkUtils;->prefixLengthToNetmaskInt(I)I,packages/modules/Connectivity/framework/src/android/net/NetworkUtils.java,205,5,205,25,
Landroid/net/NetworkUtils;->netmaskToPrefixLength(Ljava/net/Inet4Address;)I,packages/modules/Connectivity/framework/src/android/net/NetworkUtils.java,228,5,228,88,maxTargetSdk=30&trackingBug=170729553L
Landroid/net/NetworkUtils;->numericToInetAddress(Ljava/lang/String;)Ljava/net/InetAddress;,packages/modules/Connectivity/framework/src/android/net/NetworkUtils.java,245,5,245,63,maxTargetSdk=28
Landroid/net/NetworkUtils;->getImplicitNetmask(Ljava/net/Inet4Address;)I,packages/modules/Connectivity/framework/src/android/net/NetworkUtils.java,255,5,255,88,maxTargetSdk=30&trackingBug=170729553L
Landroid/net/NetworkUtils;->trimV4AddrZeros(Ljava/lang/String;)Ljava/lang/String;,packages/modules/Connectivity/framework/src/android/net/NetworkUtils.java,356,5,356,25,
Landroid/net/ProxyInfo;-><init>(Ljava/lang/String;ILjava/lang/String;)V,packages/modules/Connectivity/framework/src/android/net/ProxyInfo.java,108,5,108,25,
Landroid/net/RouteInfo;->mGateway:Ljava/net/InetAddress;,packages/modules/Connectivity/framework/src/android/net/RouteInfo.java,78,5,78,25,
Landroid/net/RouteInfo;->mIsHost:Z,packages/modules/Connectivity/framework/src/android/net/RouteInfo.java,123,5,123,88,maxTargetSdk=28&trackingBug=115609023L
Landroid/net/RouteInfo;-><init>(Landroid/net/IpPrefix;Ljava/net/InetAddress;Ljava/lang/String;)V,packages/modules/Connectivity/framework/src/android/net/RouteInfo.java,247,5,247,88,maxTargetSdk=30&trackingBug=170729553L
Landroid/net/RouteInfo;-><init>(Landroid/net/LinkAddress;Ljava/net/InetAddress;Ljava/lang/String;)V,packages/modules/Connectivity/framework/src/android/net/RouteInfo.java,256,5,256,25,
Landroid/net/RouteInfo;-><init>(Landroid/net/LinkAddress;Ljava/net/InetAddress;)V,packages/modules/Connectivity/framework/src/android/net/RouteInfo.java,288,5,288,25,
Landroid/net/RouteInfo;-><init>(Ljava/net/InetAddress;)V,packages/modules/Connectivity/framework/src/android/net/RouteInfo.java,300,5,300,25,
Landroid/net/RouteInfo;->isHost()Z,packages/modules/Connectivity/framework/src/android/net/RouteInfo.java,352,5,352,88,maxTargetSdk=28&trackingBug=115609023L
Landroid/net/RouteInfo;->selectBestRoute(Ljava/util/Collection;Ljava/net/InetAddress;)Landroid/net/RouteInfo;,packages/modules/Connectivity/framework/src/android/net/RouteInfo.java,513,5,513,88,maxTargetSdk=30&trackingBug=170729553L
Landroid/net/StaticIpConfiguration;->ipAddress:Landroid/net/LinkAddress;,packages/modules/Connectivity/framework/src/android/net/StaticIpConfiguration.java,40,5,40,88,maxTargetSdk=30&trackingBug=170729553L
Landroid/net/StaticIpConfiguration;->gateway:Ljava/net/InetAddress;,packages/modules/Connectivity/framework/src/android/net/StaticIpConfiguration.java,44,5,44,88,maxTargetSdk=30&trackingBug=170729553L
Landroid/net/StaticIpConfiguration;->dnsServers:Ljava/util/ArrayList;,packages/modules/Connectivity/framework/src/android/net/StaticIpConfiguration.java,48,5,48,88,maxTargetSdk=30&trackingBug=170729553L
Landroid/net/StaticIpConfiguration;->domains:Ljava/lang/String;,packages/modules/Connectivity/framework/src/android/net/StaticIpConfiguration.java,52,5,52,88,maxTargetSdk=30&trackingBug=170729553L
Landroid/net/TrafficStats;->getStatsService()Landroid/net/INetworkStatsService;,packages/modules/Connectivity/framework-t/src/android/net/TrafficStats.java,178,5,178,88,maxTargetSdk=28&trackingBug=130143562L
Landroid/net/TrafficStats;->getMobileTcpRxPackets()J,packages/modules/Connectivity/framework-t/src/android/net/TrafficStats.java,684,5,684,88,maxTargetSdk=30&trackingBug=170729553L
Landroid/net/TrafficStats;->getMobileTcpTxPackets()J,packages/modules/Connectivity/framework-t/src/android/net/TrafficStats.java,700,5,700,88,maxTargetSdk=30&trackingBug=170729553L
Landroid/net/TrafficStats;->getMobileIfaces()[Ljava/lang/String;,packages/modules/Connectivity/framework-t/src/android/net/TrafficStats.java,1126,5,1126,88,maxTargetSdk=28&trackingBug=130143562L
Landroid/net/nsd/NsdServiceInfo;->setAttribute(Ljava/lang/String;[B)V,packages/modules/Connectivity/framework-t/src/android/net/nsd/NsdServiceInfo.java,230,5,230,25,
Lcom/android/internal/util/Preconditions;->checkArgument(Z)V,frameworks/libs/modules-utils/java/com/android/internal/util/Preconditions.java,41,5,41,25,
Lcom/android/internal/util/Preconditions;->checkArgument(ZLjava/lang/Object;)V,frameworks/libs/modules-utils/java/com/android/internal/util/Preconditions.java,56,5,56,88,maxTargetSdk=30&trackingBug=170729553L
Lcom/android/internal/util/Preconditions;->checkNotNull(Ljava/lang/Object;)Ljava/lang/Object;,frameworks/libs/modules-utils/java/com/android/internal/util/Preconditions.java,144,5,144,25,
Lcom/android/internal/util/Preconditions;->checkNotNull(Ljava/lang/Object;Ljava/lang/Object;)Ljava/lang/Object;,frameworks/libs/modules-utils/java/com/android/internal/util/Preconditions.java,164,5,164,25,
Lcom/android/internal/util/Preconditions;->checkState(Z)V,frameworks/libs/modules-utils/java/com/android/internal/util/Preconditions.java,198,5,198,25,
Lcom/android/internal/util/Preconditions;->checkState(ZLjava/lang/String;)V,frameworks/libs/modules-utils/java/com/android/internal/util/Preconditions.java,212,5,212,88,maxTargetSdk=30&trackingBug=170729553L
Lcom/android/internal/util/Preconditions;->checkArgumentInRange(IIILjava/lang/String;)I,frameworks/libs/modules-utils/java/com/android/internal/util/Preconditions.java,522,5,522,88,maxTargetSdk=30&trackingBug=170729553L
